pdbid,value
0,3nq3,3.78
1,4b5w,3.33
2,3uxl,5.57
3,6eog,5.8
4,6p89,5.01
5,1qbs,9.47
6,4u1b,5.31
7,4avj,7.44
8,3acx,5.7
9,5fut,6.45
10,3b65,9.27
11,5xo7,6.36
12,2dri,6.89
13,4q4q,5.79
14,4bt5,2.76
15,2jdu,6.72
16,6p87,4.6
17,4wn5,7.41
18,3su1,6.68
19,5fyx,4.16
20,5ko5,4.57
21,6hke,7.68
22,1b8y,7.85
23,6b4u,7.68
24,5ad1,7.24
25,4bj8,8.29
26,6gl8,8.61
27,3zhx,6.68
28,5zyg,5.21
29,1ndw,5.23
30,5lz7,6.28
31,1g2k,7.96
32,1lee,7.74
33,3tsk,7.17
34,4x50,7.75
35,4r4c,5.54
36,5hwv,5.07
37,4ndu,2.74
38,2i80,5.4
39,2o4j,10.1
40,5ult,10.85
41,3nhi,8.43
42,6t1m,5.21
43,4epy,3.47
44,5nau,7.52
45,3t2q,3.66
46,3e5u,5.85
47,3nu5,8.35
48,5j3l,4.8
49,1ajq,4.31
50,5ka7,4.35
51,1nl9,5.96
52,1ogz,5.85
53,1msn,9.09
54,1ajp,2.23
55,2doo,7.17
56,4kz3,2.77
57,5aba,2.98
58,5dgu,11.35
59,3zi8,5.66
60,4ynb,10.37
61,1srg,5.3
62,3lea,9.1
63,3o9p,6.52
64,2fzk,3.6
65,2q8z,5.68
66,6jbb,5.99
67,5cp5,5.91
68,1aid,4.82
69,4kwg,6.0
70,5eqy,8.0
71,2qdt,5.19
72,3pb7,5.74
73,1yvm,6.4
74,4b6o,7.0
75,3jup,5.58
76,3n7o,7.14
77,2xbw,8.0
78,2jf4,8.15
79,4cr5,4.15
80,1n51,4.85
81,2jdp,6.6
82,1f8d,3.4
83,1olx,4.33
84,6q4e,3.46
85,3ljg,7.73
86,4bt4,3.34
87,3zi0,7.4
88,1r9l,5.4
89,4fxq,5.77
90,6g29,4.33
91,4y3j,2.17
92,2vzr,4.28
93,3a6t,7.28
94,5hvt,7.26
95,3rt8,6.35
96,4yo8,10.52
97,4zow,4.12
98,3tcg,5.87
99,3pcj,7.22
100,2clh,4.06
101,3ui7,9.0
102,1km3,4.91
103,4k55,5.51
104,2f8g,8.7
105,3gi5,11.22
106,6gvz,6.4
107,1hee,5.34
108,1ecq,3.0
109,3s45,8.49
110,2wyj,9.0
111,4u43,4.32
112,4hw3,6.49
113,4f6u,6.15
114,2yaz,5.14
115,1pzi,4.22
116,5fbi,2.8
117,2jg0,7.82
118,4qfp,4.23
119,3t09,3.8
120,5dxt,9.7
121,1jmg,6.07
122,2v2q,4.15
123,4i8w,10.9
124,2wyg,8.7
125,3wjw,3.87
126,4l51,3.0
127,3wz7,5.74
128,1bju,4.8
129,5o2d,5.68
130,5mrm,5.03
131,3pce,2.0
132,6d1h,3.72
133,5nvx,7.05
134,1fzq,7.62
135,3mv0,3.85
136,3nu4,8.82
137,6arn,5.19
138,6jap,4.8
139,4bps,2.99
140,6o5t,6.5
141,4aia,3.66
142,4cjp,3.32
143,5u6j,7.64
144,4bb9,6.0
145,4pb2,4.8
146,5btx,3.55
147,5zni,4.39
148,2b4l,4.77
149,1phw,3.3
150,4ih5,4.11
151,3zq9,6.02
152,2y81,8.7
153,4css,8.46
154,5fs5,6.69
155,3n86,5.64
156,4u6c,5.0
157,5yh8,6.78
158,6fnq,4.59
159,6f9g,5.7
160,5fnu,8.89
161,1x39,9.22
162,6jay,5.7
163,3zso,5.12
164,2zcq,8.82
165,1a9q,6.17
166,4bs0,5.7
167,5igm,7.38
168,3jrx,9.0
169,3lq2,5.22
170,2vl4,6.01
171,4av4,7.03
172,6dy7,4.18
173,2zz2,4.54
174,1u1w,5.85
175,6k04,8.04
176,3ps1,10.17
177,2hah,8.0
178,1x8r,6.12
179,3pck,6.7
180,3lka,2.82
181,4tkh,5.74
182,4m0f,8.77
183,1uwf,6.82
184,6qpl,7.04
185,5m17,3.66
186,2qbp,8.4
187,5zg3,7.21
188,4ufi,6.2
189,3v2n,6.1
190,3f37,2.62
191,5nvw,6.77
192,1hlk,5.0
193,5h9r,6.08
194,4u71,5.22
195,3f80,4.22
196,2psu,7.62
197,3rv8,4.92
198,6ncn,3.05
199,4zei,5.88
200,2qwd,4.85
201,3rlb,9.92
202,1f73,2.39
203,6dil,8.12
204,5e2o,8.7
205,3vf7,9.1
206,6n3w,5.81
207,4ggz,10.18
208,5upj,7.12
209,1xgi,4.85
210,4n7u,6.29
211,3o84,7.24
212,2whp,4.0
213,1w4o,5.22
214,6r1d,5.4
215,3g2z,2.36
216,6cn5,7.7
217,1hmt,5.79
218,4ljh,4.71
219,3fed,7.46
220,5w44,6.44
221,4ly9,8.15
222,3sue,9.08
223,5oh4,4.55
224,6g27,3.14
225,3su0,6.79
226,3l0v,7.64
227,1px4,3.23
228,5u0z,6.19
229,6i13,5.12
230,4cst,8.89
231,1x38,8.77
232,6f92,6.4
233,3p3t,7.24
234,5i2f,6.49
235,6ayr,8.39
236,3suf,7.56
237,1g74,6.52
238,4kwo,6.45
239,4tpw,4.69
240,1nja,6.31
241,4i74,6.72
242,4xaq,7.14
243,6d5j,6.34
244,4bqs,4.21
245,2jfz,5.24
246,2xb8,7.59
247,6euw,7.77
248,2y8c,6.4
249,3d52,3.28
250,6jbe,4.7
251,2qi7,10.21
252,2i19,7.8
253,1ws1,9.55
254,4w9i,5.96
255,6g24,2.77
256,2ya6,5.7
257,5jxq,8.15
258,3su3,9.13
259,2vnp,9.92
260,6qlq,4.51
261,1rnm,3.07
262,2nsj,4.79
263,3ekp,8.89
264,3f19,7.19
265,5zg1,7.72
266,2hzl,6.57
267,3f8c,7.68
268,2pwg,4.82
269,5e2p,8.8
270,3djv,4.55
271,4avh,7.23
272,6gfs,6.54
273,3sm2,9.7
274,1tsy,4.96
275,1pvn,9.82
276,4re2,4.98
277,1qbu,10.24
278,4fxp,4.09
279,5yft,5.0
280,1qaw,5.12
281,5d1r,4.84
282,6qgf,6.0
283,1bq4,5.22
284,4b6r,5.85
285,5kh3,4.22
286,1s39,7.7
287,5ka1,4.48
288,4u6w,4.21
289,1fkg,8.0
290,5kax,6.11
291,4y5d,5.92
292,3t0b,4.3
293,4qge,9.3
294,6arm,4.97
295,1lgt,6.1
296,5tbm,7.31
297,3dx2,6.82
298,6f90,6.0
299,4l19,6.1
300,4oc3,8.28
301,4f6w,7.52
302,5m7u,8.1
303,4iif,5.18
304,3td4,5.66
305,4z07,7.99
306,5evb,5.0
307,5kqy,9.29
308,1li2,4.04
309,1elc,6.66
310,1fkw,5.05
311,2r38,7.44
312,4n9c,3.9
313,5z66,6.69
314,2bz6,7.09
315,4qfo,4.27
316,6d5h,6.92
317,2h4g,6.52
318,1v48,7.8
319,3k37,8.92
320,6c85,3.9
321,3f6g,4.72
322,3alt,2.92
323,3mjl,2.44
324,1tcx,6.95
325,3vf5,9.34
326,3mxd,8.83
327,1pgp,5.7
328,3sug,6.21
329,6haz,7.0
330,3c2r,3.11
331,1ecv,4.85
332,3pgu,6.7
333,6t1j,4.74
334,2vrj,6.3
335,4dzy,5.62
336,4x5z,7.63
337,4x8u,2.46
338,5e74,4.41
339,5lli,7.05
340,3sfg,6.06
341,4yzu,5.05
342,5yum,3.65
343,3b7j,5.17
344,4uye,8.02
345,3ejq,8.57
346,2gvj,9.52
347,6d17,4.82
348,4b5t,3.33
349,5b5f,5.25
350,2cex,4.7
351,4lm1,3.23
352,6jag,4.5
353,3r6u,4.52
354,6e1z,3.82
355,2zwz,7.79
356,1det,4.3
357,3n7a,3.7
358,3zj6,6.66
359,6dh8,9.84
360,3gc4,7.6
361,2uxi,7.3
362,2ovv,7.92
363,1os5,6.85
364,3nx7,8.1
365,3t2w,7.46
366,4cd4,6.58
367,2qci,8.34
368,2x0y,4.6
369,6d9x,3.49
370,3fql,7.15
371,2i4z,5.7
372,5yjm,7.68
373,4ih7,5.24
374,4dkq,6.6
375,1lbk,3.18
376,3acw,4.76
377,3gst,6.72
378,5upe,8.05
379,1v11,3.98
380,3ao4,2.07
381,4iie,2.34
382,6ajr,4.31
383,4fai,6.99
384,4r3w,3.0
385,3f33,3.34
386,3u90,4.62
387,6udv,10.29
388,5wa8,6.23
389,1hpv,9.22
390,5ueu,7.78
391,3kdd,8.46
392,4lko,8.22
393,5nap,7.95
394,1lgw,4.0
395,4y0a,2.31
396,4tun,5.41
397,3v3q,6.6
398,1uz4,3.4
399,6dz0,9.03
400,2xd9,6.46
401,3f17,8.63
402,6s4n,6.79
403,4cc5,4.42
404,6cbf,5.17
405,4np3,3.3
406,3x00,9.08
407,2ovy,8.4
408,5g1z,5.32
409,4b73,7.21
410,4zyf,8.64
411,2gst,6.07
412,3pb8,5.24
413,6ays,9.19
414,2r9w,5.1
415,5a5q,4.68
416,5mro,5.7
417,1ogx,6.09
418,1li6,3.8
419,3sww,8.4
420,6mg5,4.69
421,5jgi,4.3
422,3pb9,6.58
423,4djq,10.32
424,3mf5,5.36
425,2f2h,5.7
426,6qqq,5.17
427,5yfs,4.86
428,2cet,8.02
429,3mfv,2.52
430,2q7q,5.3
431,5d2r,5.82
432,2qnq,6.11
433,2wbg,4.45
434,5t19,4.49
435,4b5s,3.49
436,1pbq,6.27
437,6nzv,10.17
438,6j0o,4.92
439,1no6,4.41
440,5k1f,4.79
441,3ip9,5.62
442,3pbb,7.02
443,5wuk,7.85
444,2x91,6.74
445,2cle,3.55
446,6ayi,6.68
447,5edb,7.0
448,6fhu,2.64
449,1v1j,4.82
450,1hi3,4.19
451,3d50,4.77
452,1igb,6.4
453,4bt3,3.12
454,1bp0,5.4
455,6iez,6.52
456,5kr1,9.49
457,5edl,8.35
458,6n7b,9.22
459,2d3u,6.92
460,2j7b,6.62
461,6d1g,4.47
462,1kav,5.82
463,3ocp,7.57
464,3g35,4.68
465,6b1k,6.67
466,1q1g,8.57
467,6r18,4.92
468,3ovn,2.55
469,1q91,4.15
470,5ot9,4.07
471,2flr,6.1
472,4xtv,9.27
473,3ddf,4.66
474,3qbc,4.97
475,5oht,6.02
476,4kn1,6.84
477,6ej2,7.8
478,3gk1,4.1
479,6hlx,7.17
480,4o0y,7.22
481,5dey,8.43
482,6ayo,8.29
483,6dyy,10.55
484,1e66,9.89
485,2wvt,6.12
486,3ddg,6.0
487,4ayp,6.12
488,6ny0,5.4
489,3hcm,3.3
490,5evk,4.92
491,2jgs,6.62
492,6n79,9.68
493,5ufp,7.37
494,1uwu,5.98
495,1e3v,4.34
496,4lzs,4.8
497,4gqq,2.89
498,1m0o,2.31
499,4hla,10.8
500,5n0f,6.05
501,1ctu,11.92
502,1c83,4.85
503,1xbo,6.04
504,3fvl,6.07
505,4cra,7.22
506,4x8v,6.89
507,3hkw,8.64
508,4cd5,6.71
509,3veh,4.96
510,1hms,6.37
511,4pvx,6.76
512,3fur,8.0
513,4tu4,3.76
514,2mas,7.52
515,5b25,10.24
516,1ps3,2.28
517,2q89,6.3
518,6e9a,11.92
519,1ai5,3.72
520,4kz6,3.1
521,6cwh,7.54
522,2vwo,7.51
523,5m7s,9.05
524,2pwr,6.59
525,4u8w,11.24
526,4buq,8.14
527,4z0k,6.34
528,3tkw,5.27
529,5wqc,8.96
530,1w4q,5.26
531,5avf,5.49
532,3gdt,7.19
533,3vfa,9.19
534,1f74,3.05
535,4k3h,6.85
536,5fe9,4.68
537,3su4,6.26
538,3pgl,5.3
539,3nyd,3.48
540,4umb,4.0
541,4kyh,5.92
542,2hs1,8.48
543,4luz,4.7
544,6ckr,7.3
545,3ttm,8.52
546,2qnp,6.41
547,6g2f,5.17
548,1o7o,4.49
549,2qbq,7.44
550,1uj5,3.05
551,2v3d,3.94
552,1fm9,9.0
553,2xp7,5.77
554,5fck,8.22
555,6qlr,4.82
556,6d50,5.05
557,5ceq,7.38
558,5u11,5.35
559,3ppq,4.55
560,5l30,9.14
561,3uw5,7.85
562,1moq,3.46
563,4pnu,4.89
564,3dzt,7.22
565,1met,9.4
566,5qqp,8.28
567,4nra,4.19
568,1ajx,7.91
569,2hb1,3.8
570,5bwc,7.21
571,3umq,4.62
572,5tcj,7.38
573,6py0,6.41
574,3bkk,6.08
575,4pqa,5.55
576,1uvt,7.64
577,6rnt,2.37
578,4kif,4.84
579,3zsy,3.23
580,2xda,6.22
581,6j9w,5.13
582,4c52,5.68
583,2r43,6.0
584,1j01,6.47
585,2yfe,6.63
586,3b5r,8.77
587,2fu8,4.7
588,6ftp,5.82
589,5evd,5.0
590,5eq1,4.68
591,4q0k,4.87
592,3nuo,9.8
593,3gvb,2.59
594,1gpn,6.48
595,5u13,5.41
596,1ui0,7.06
597,2xc0,6.72
598,4dhl,4.48
599,4qpd,7.82
600,6dar,6.66
601,4us3,5.32
602,1ado,6.0
603,6nu1,4.51
604,3l4w,6.0
605,6fba,4.7
606,1o5r,8.12
607,2j47,5.41
608,6e1y,7.66
609,5zym,5.77
610,4ea2,6.44
611,5k8s,8.22
612,6qlt,4.04
613,2yz3,6.66
614,3lzs,10.96
615,6ayt,8.85
616,5hz5,7.07
617,6d1b,3.91
618,3w9k,6.32
619,6dz2,8.85
620,4crl,9.71
621,3o75,6.68
622,5v79,6.41
623,2w8j,2.96
624,2ves,7.7
625,5ld8,8.05
626,4kwf,4.82
627,2zy1,7.4
628,4xoc,8.52
629,5d0c,5.63
630,3wz8,5.82
631,6s5k,7.32
632,4g0p,3.01
633,3d8z,3.37
634,2zcr,6.87
635,6pi5,6.96
636,1bjv,5.54
637,4ts1,4.94
638,3cd7,7.84
639,4tte,3.69
640,6e5l,7.18
641,2vb8,4.6
642,1jmf,5.77
643,4f3k,10.16
644,2hjb,4.39
645,6d1d,4.47
646,1rql,2.75
647,5dx4,6.86
648,5bs4,11.0
649,4r0a,4.26
650,5qay,3.23
651,5y13,5.94
652,5ost,4.56
653,1pa9,4.6
654,4aqh,6.54
655,4avi,7.63
656,6i8y,6.74
657,6g2r,9.46
658,4y2q,2.92
659,3bgs,9.42
660,3s0e,6.55
661,4ej8,5.39
662,4kxn,6.1
663,3u9q,4.38
664,4ghi,7.09
665,5om2,4.06
666,3cyw,7.77
667,1b6l,8.3
668,4u0w,3.0
669,4mpn,6.62
670,5ovx,4.5
671,4tjz,5.97
672,3o9e,11.3
673,4xar,6.97
674,4gu6,7.36
675,3rbu,9.43
676,4n5d,3.22
677,5dqf,3.6
678,2uz9,5.71
679,6euc,3.77
680,4mhy,6.47
681,2vw1,3.52
682,6pg3,3.32
683,6b4n,10.55
684,5vo1,8.15
685,4dst,2.96
686,2r9x,4.85
687,1tq4,6.19
688,4ymq,5.8
689,4j45,5.77
690,4og4,6.02
691,4lhm,3.39
692,2sim,3.42
693,6exs,3.44
694,3ok9,11.23
695,6gj6,4.7
696,3sjf,7.64
697,4zae,8.44
698,3fx6,6.8
699,3f78,3.1
700,5my8,7.14
701,2vjx,4.96
702,2qi5,10.85
703,3ggu,9.77
704,4k7o,4.3
705,6ge7,6.06
706,4i71,7.74
707,3vw1,4.67
708,5ohy,5.17
709,1lbf,7.85
710,4ual,8.4
711,1xap,8.7
712,3zsq,4.96
713,4q4p,6.39
714,5j7q,4.58
715,2yel,7.28
716,3p8o,8.72
717,4dfg,11.74
718,5hvs,7.15
719,3hky,7.1
720,4urz,2.52
721,2cbv,5.48
722,2jjb,7.92
723,5dbm,6.46
724,2o4l,9.22
725,3wz6,5.96
726,2xc4,8.05
727,6udi,10.0
728,3uev,5.89
729,3nzk,9.27
730,6hgi,6.22
731,1c86,4.7
732,5d45,6.92
733,4wkn,9.72
734,3ttp,9.12
735,5epn,8.66
736,1wcq,6.26
737,6p88,4.52
738,6qqv,4.92
739,5kr0,9.15
740,5f08,5.52
741,5ih9,8.7
742,1kzk,10.39
743,3zm9,7.42
744,1g98,5.7
745,3d4z,4.89
746,2a4m,4.52
747,3u5l,6.19
748,1cbx,6.35
749,6d1k,3.13
750,4ceb,2.97
751,3rf5,5.63
752,4o0x,7.17
753,5d47,7.0
754,5n17,5.32
755,1nhu,5.66
756,3ehy,5.85
757,6g25,3.52
758,3nht,7.01
759,3gi4,10.8
760,6qqu,5.3
761,3spf,3.86
762,4rsk,4.32
763,5t8p,5.89
764,3b3x,3.6
765,1wc1,4.0
766,1oba,2.44
767,4bkt,3.62
768,4pv5,6.54
769,6dyv,10.59
770,3kdb,9.85
771,1mes,7.7
772,3f15,8.1
773,3st5,11.3
774,5oei,5.8
775,2oi2,6.3
776,1a99,5.7
777,1jvu,5.15
778,4ibf,4.43
779,2y82,8.4
780,4y4j,2.47
781,2reg,5.64
782,2zmm,7.6
783,6ced,5.82
784,6upj,6.32
785,5edd,5.24
786,1pzp,3.31
787,1o0f,5.3
788,6r0v,4.96
789,3e3c,5.62
790,4q9o,5.77
791,4wko,9.47
792,3s54,9.64
793,4eb8,9.82
794,4whs,4.12
795,3p3r,7.25
796,2zz1,4.54
797,2qi6,10.57
798,2rkm,3.9
799,3gta,4.28
800,3k8o,11.07
801,6d16,5.08
802,3djq,2.98
803,2w8w,2.12
804,3vd4,4.82
805,6iht,5.21
806,6p8a,3.59
807,3cd5,7.9
808,3own,7.47
809,6d55,7.36
810,2gj5,8.32
811,1k4g,5.85
812,3ppp,5.22
813,3nox,8.66
814,5nn6,5.52
815,4bqh,5.59
816,6oqb,10.3
817,1yqy,7.62
818,1rpf,3.99
819,2i0a,11.4
820,3f34,3.16
821,6fo5,6.72
822,4lm3,2.92
823,1a30,4.3
824,2qbr,6.33
825,4wrb,6.19
826,6nyv,6.51
827,4yc0,4.13
828,3g2y,2.0
829,3b92,8.0
830,3pwk,3.35
831,4i7m,4.14
832,2oym,5.0
833,5dh5,9.64
834,5qa8,3.77
835,1l83,3.4
836,2vo4,4.94
837,3o5x,5.28
838,2gz2,5.22
839,1rmz,8.0
840,6qr1,5.07
841,6j0g,5.64
842,4kqp,6.05
843,1k9s,6.52
844,4dkp,5.72
845,4jxs,4.74
846,3n2v,7.51
847,2bt9,6.19
848,5mgk,4.0
849,4l9i,4.89
850,1mrx,7.26
851,5cy9,6.66
852,2ri9,3.22
853,5lne,4.76
854,5hrw,5.48
855,5zyl,7.06
856,2pqz,5.67
857,6p3v,7.02
858,1bdq,6.34
859,5ufr,8.7
860,1iy7,6.19
861,6dh7,9.88
862,1v1m,3.94
863,1wdn,6.3
864,4bc5,4.6
865,5gj9,4.99
866,4w9c,4.65
867,1n46,10.52
868,1ie9,10.19
869,4xmr,4.07
870,3k8q,11.28
871,5d0r,6.37
872,3kmc,6.4
873,5vh0,4.52
874,4i8n,4.46
875,5fe7,3.31
876,5fsc,2.36
877,5y12,6.23
878,4yrd,4.57
879,4gr8,7.83
880,6ep4,5.35
881,5vp9,8.99
882,6r1a,4.35
883,3wzn,7.0
884,5c28,5.66
885,185l,3.54
886,2r3t,5.85
887,4b6p,7.13
888,6nco,4.52
889,1cet,2.89
890,5eyr,5.3
891,5g5f,5.28
892,4leq,6.54
893,4ra1,5.94
894,3th9,7.7
895,3usx,5.02
896,5ehv,3.08
897,2ceq,7.28
898,3el5,7.72
899,2i4j,6.16
900,186l,4.85
901,5zg0,7.09
902,5ovr,4.57
903,5mby,3.51
904,2wc3,6.08
905,1kmy,5.1
906,2glp,5.01
907,2za0,6.64
908,1c84,5.0
909,4s1g,9.22
910,5var,4.09
911,5otc,4.71
912,1fcy,8.52
913,2zcs,8.22
914,5h1t,3.8
915,3w5n,3.87
916,6e5t,6.55
917,1uz1,6.89
918,6dpy,4.1
919,6e23,10.0
920,3m3z,5.73
921,4ai5,2.92
922,3nq9,4.03
923,5cep,6.84
924,6o0o,7.44
925,6n78,9.68
926,4wov,7.14
927,1yq7,7.09
928,2yb0,3.85
929,4ipi,5.32
930,6dif,10.72
931,4q1x,11.15
932,6pg5,4.96
933,1eld,6.7
934,4ibd,3.67
935,1add,6.74
936,2aac,2.22
937,3pwm,9.1
938,4i7k,3.04
939,2f9k,7.07
940,6ma2,5.39
941,6p85,4.99
942,4fht,6.17
943,2o8h,7.6
944,3g3r,6.48
945,1qk4,4.21
946,6ht1,7.11
947,3cj4,6.51
948,4a95,5.76
949,5x74,8.64
950,4sga,7.3
951,4e9u,5.82
952,5nw1,6.6
953,4p5d,5.82
954,1njc,5.55
955,4kz4,4.15
956,3f16,8.23
957,3g30,2.51
958,2aj8,6.2
959,1m2x,4.15
960,3uxd,4.41
961,5exn,7.64
962,3i6o,10.35
963,3t1m,3.04
964,5fog,3.67
965,6fa4,7.29
966,6a87,3.15
967,2buv,4.0
968,3f3c,6.02
969,5edc,7.66
970,2j7e,7.32
971,4c6u,4.59
972,5kej,5.11
973,4cfl,5.88
974,5dnu,4.11
975,2yek,7.21
976,3cm2,6.47
977,6epa,5.95
978,5od1,5.96
979,4k7i,2.82
980,2ot1,4.0
981,3p8p,4.55
982,1hwr,8.33
983,1e6q,3.15
984,5jfu,8.07
985,4cig,3.67
986,1d7i,3.6
987,2y5f,8.7
988,2qzr,7.26
989,5a81,5.54
990,3b67,8.85
991,4crb,7.57
992,6pi6,5.66
993,6dak,5.14
994,5lsg,5.4
995,1rr6,10.25
996,5eqp,5.4
997,3lk8,7.71
998,1jys,3.52
999,4ovf,4.13
1000,1dmp,9.55
1001,6t1o,5.59
1002,6mll,3.62
1003,1ndz,8.11
1004,2pyn,7.57
1005,2i3i,7.3
1006,4pvy,6.71
1007,2ogy,4.48
1008,3t0x,8.0
1009,4iuo,3.64
1010,2jdm,5.4
1011,5j1r,4.66
1012,6jaw,5.66
1013,1bzc,4.92
1014,6dyz,9.2
1015,2qtn,3.42
1016,4bcs,6.99
1017,6ezq,4.66
1018,4ciw,4.82
1019,6e22,8.89
1020,1kui,3.77
1021,5jhb,6.06
1022,6oqc,10.4
1023,3zqe,4.23
1024,5uf0,3.8
1025,5om7,5.74
1026,6n5x,4.6
1027,3t64,6.7
1028,6eqp,5.96
1029,6h8s,4.42
1030,6pg7,4.66
1031,1ws4,3.0
1032,2gvv,3.9
1033,3jdw,3.6
1034,6ooy,4.66
1035,5mz8,2.31
1036,6ce6,5.1
1037,4l50,6.06
1038,6ios,4.1
1039,6g2b,3.8
1040,4zt8,4.39
1041,2a5c,4.62
1042,4gq4,7.66
1043,6gvf,7.55
1044,5nvv,6.7
1045,3hp9,4.59
1046,4mjp,3.88
1047,4rpo,7.64
1048,2x09,3.76
1049,3v78,5.54
1050,3bgb,6.05
1051,6jaq,3.95
1052,6t1l,4.77
1053,2j7h,7.19
1054,2i4u,11.57
1055,4oc0,6.5
1056,1f4g,6.48
1057,1w96,8.41
1058,5ioz,4.96
1059,2zx7,10.49
1060,6eux,5.92
1061,6dpt,7.11
1062,4lov,7.77
1063,1f4e,2.96
1064,6nv7,7.92
1065,4n7m,5.47
1066,4l4z,5.68
1067,4xt2,7.15
1068,4jym,5.04
1069,6d1j,4.25
1070,4jfs,5.27
1071,6qi4,4.37
1072,4n9a,4.19
1073,5elw,7.85
1074,4h81,5.12
1075,4r4t,6.26
1076,3vw2,4.75
1077,2vwl,7.02
1078,2pym,6.82
1079,2qwc,3.55
1080,6gwr,8.1
1081,3i3b,2.23
1082,4de1,5.96
1083,2v2v,4.07
1084,5yhg,6.02
1085,4i7p,3.5
1086,4ysl,5.8
1087,3f7i,7.34
1088,6nv9,8.19
1089,5vsf,7.03
1090,3dk1,9.74
1091,2fqw,6.68
1092,2q64,8.52
1093,2v00,3.66
1094,4phu,7.92
1095,2pwc,6.57
1096,2ces,7.25
1097,3ewc,7.7
1098,5yl2,4.5
1099,1rnt,5.19
1100,4hdp,7.51
1101,6aro,5.15
1102,2i4d,11.68
1103,4xas,6.59
1104,2z4o,9.57
1105,2vot,7.14
1106,1br6,3.22
1107,6gue,8.4
1108,6dyr,3.66
1109,5iyy,4.77
1110,5kab,4.68
1111,4euo,5.05
1112,4ll3,11.57
1113,6jtc,5.07
1114,3g1v,3.19
1115,6ouv,5.55
1116,3zln,8.47
1117,2h6b,5.39
1118,5wl0,9.17
1119,4d4d,5.96
1120,6szp,4.74
1121,3dx1,3.58
1122,6as8,7.05
1123,2wc4,5.29
1124,2v54,4.6
1125,3pfp,6.44
1126,1hpx,11.26
1127,2qhy,7.48
1128,4dko,6.52
1129,1w3k,4.3
1130,4i7j,3.32
1131,3b68,8.4
1132,1mrw,9.7
1133,4fp1,4.57
1134,5tcy,7.66
1135,6ghj,2.16
1136,1ndv,5.92
1137,4g90,4.51
1138,6pgc,5.35
1139,6cdl,10.92
1140,3c2f,2.0
1141,3hb4,9.05
1142,2xbx,7.82
1143,3tb6,5.08
1144,2f81,10.52
1145,3tfu,3.28
1146,5nw0,6.52
1147,4cg9,6.21
1148,1oe8,5.52
1149,3hk1,6.17
1150,6hpw,6.09
1151,5kbe,6.34
1152,6efj,3.32
1153,5lz4,5.7
1154,3g19,6.67
1155,6mnc,5.8
1156,6cbg,3.95
1157,3lpl,5.62
1158,5f8y,4.24
1159,2y7z,8.7
1160,4ffs,10.44
1161,5er4,2.76
1162,4lk7,5.04
1163,188l,3.33
1164,2x8z,7.96
1165,1sbg,7.74
1166,1vyf,8.05
1167,6qr9,6.72
1168,6jb0,7.24
1169,6fuj,4.3
1170,4ad6,4.78
1171,4mme,6.5
1172,3tz0,5.04
1173,3re4,7.4
1174,3aid,6.86
1175,5khm,8.3
1176,3uex,6.92
1177,3rdq,9.31
1178,3r1v,6.92
1179,2c97,6.14
1180,6d19,6.61
1181,4mrg,2.96
1182,4cgi,3.12
1183,1lvu,5.32
1184,4j47,4.92
1185,6otg,7.5
1186,1k4h,5.11
1187,6eol,7.43
1188,1tjp,4.42
1189,1elb,7.15
1190,4l4v,5.78
1191,6kjd,5.05
1192,2vvv,8.22
1193,1vyg,8.0
1194,6cdj,11.7
1195,4asj,7.55
1196,6r13,4.7
1197,4cr9,4.1
1198,3zdv,5.48
1199,4ibc,2.98
1200,5etb,4.54
1201,2ha3,3.03
1202,4y3y,2.35
1203,6gxg,5.24
1204,5fol,3.67
1205,5sym,6.55
1206,4ck3,3.57
1207,6e7j,9.48
1208,1fh8,6.89
1209,4bks,3.82
1210,5ko1,6.64
1211,6b7a,4.49
1212,1zc9,3.22
1213,6nxz,5.46
1214,1o0m,5.15
1215,2wyf,4.43
1216,4rpn,6.96
1217,3vvy,4.84
1218,1kug,3.8
1219,3exh,4.88
1220,1gfy,5.08
1221,6plf,6.67
1222,2p3i,3.48
1223,5hva,7.07
1224,6gf9,6.39
1225,1mq6,11.15
1226,3dyo,2.3
1227,5g46,2.6
1228,2v58,9.09
1229,6g2e,5.01
1230,3ehx,7.6
1231,2vuk,3.9
1232,5ha1,7.19
1233,2wk6,3.32
1234,4trc,4.52
1235,4crf,9.3
1236,4cjr,3.1
1237,2vmd,3.02
1238,3tay,3.38
1239,4b6s,6.01
1240,3ppm,9.54
1241,4llj,3.42
1242,5kad,4.43
1243,4fnn,7.57
1244,4u69,4.26
1245,4m6u,2.74
1246,3kdc,9.28
1247,1r5y,6.46
1248,3ikg,7.24
1249,1w3j,6.32
1250,6chp,10.12
1251,2hxm,5.22
1252,3g31,2.89
1253,4ury,2.22
1254,3lvw,2.67
1255,1qxl,7.96
1256,3su2,7.35
1257,4j46,5.28
1258,1grp,3.72
1259,3qaa,11.54
1260,3g0i,3.6
1261,2j7f,6.35
1262,2ole,7.25
1263,3ljz,8.14
1264,4w9j,6.23
1265,5ov8,4.74
1266,1onz,5.1
1267,1nwl,2.39
1268,6d56,8.05
1269,6gfz,5.51
1270,2fzc,2.7
1271,4de2,4.12
1272,4cjq,3.59
1273,5f0f,6.0
1274,4jkw,4.16
1275,1bma,4.59
1276,4b0b,3.33
1277,5his,4.71
1278,1x8d,2.21
1279,4hws,9.1
1280,3oyw,4.11
1281,5upf,8.6
1282,6ekq,5.46
1283,2bet,2.77
1284,1loq,3.7
1285,1ctt,4.52
1286,2c80,5.33
1287,3elc,2.69
1288,5u0w,4.24
1289,6rtw,6.43
1290,3juo,5.07
1291,4x5p,8.21
1292,3b66,8.6
1293,4oc5,7.07
1294,1c3x,3.68
1295,3ao5,2.23
1296,2e91,6.59
1297,5ka9,4.41
1298,1m5w,4.27
1299,3ao2,3.77
1300,2ca8,4.66
1301,3o5n,4.76
1302,6aqs,7.55
1303,4tz2,3.46
1304,2vpo,5.42
1305,4aq6,4.8
1306,4jh0,9.03
1307,4dkr,6.52
1308,3zyf,4.85
1309,4h7q,5.06
1310,6d1i,4.09
1311,3cd0,7.57
1312,3wvm,5.71
1313,2p53,7.46
1314,2zx6,10.6
1315,5e7n,6.09
1316,5zkc,8.19
1317,1z95,7.12
1318,5eqe,3.88
1319,1s38,5.15
1320,6pg9,4.92
1321,1g85,5.48
1322,4h85,5.15
1323,5chk,5.39
1324,3g32,3.71
1325,4att,6.98
1326,4kb9,11.0
1327,2ha6,4.32
1328,2o4n,7.82
1329,2xii,7.2
1330,6ej3,5.93
1331,5mge,4.06
1332,4avs,3.49
1333,5cso,6.03
1334,6hzy,3.92
1335,2ydw,7.34
1336,5u12,5.07
1337,1b3l,5.89
1338,2bvd,6.0
1339,3d91,9.15
1340,1ajv,7.72
1341,3c2o,3.35
1342,5o5a,4.77
1343,5e73,4.64
1344,4u73,5.18
1345,2uyn,2.7
1346,1nw4,9.07
1347,5hz9,7.03
1348,6q4g,4.3
1349,5lyr,7.89
1350,1fd0,8.4
1351,5mek,5.38
1352,3tf6,6.4
1353,4eo6,8.7
1354,3zsx,3.28
1355,5u0y,6.08
1356,4ufl,2.64
1357,2a8g,3.69
1358,5hwu,5.27
1359,6g2o,6.77
1360,1qbq,8.3
1361,2we3,4.43
1362,6i12,5.57
1363,4msc,5.96
1364,1dar,4.96
1365,6n3x,5.09
1366,4psb,4.64
1367,2y5h,5.79
1368,3f18,7.4
1369,4ty7,9.52
1370,4x5r,7.85
1371,2usn,6.51
1372,3mfw,3.52
1373,1c87,4.2
1374,1zhy,6.52
1375,5dw2,5.84
1376,1nq7,6.8
1377,3tt4,8.28
1378,3eb1,4.79
1379,3lir,6.92
1380,1n1m,5.7
1381,4ad2,6.2
1382,3s0b,6.49
1383,4qsu,2.0
1384,1alw,6.52
1385,3gr2,2.52
1386,4umc,3.44
1387,6d15,4.48
1388,1ikt,3.4
1389,4da5,6.44
1390,4v27,6.66
1391,1atl,6.28
1392,3nu6,9.3
1393,1rp7,8.52
1394,3tfn,6.57
1395,1njd,5.57
1396,2izl,6.0
1397,4zbi,6.51
1398,1e2l,4.29
1399,4z2b,7.76
1400,1ajn,2.63
1401,4ks1,8.82
1402,4zv2,2.93
1403,5k0m,8.82
1404,6ayq,8.19
1405,6dyw,10.44
1406,4j28,5.7
1407,1t7j,8.7
1408,3g1d,3.48
1409,1yc1,6.17
1410,4llx,2.89
1411,1j37,8.96
1412,5e13,4.24
1413,3ekv,9.41
1414,5ehr,7.14
1415,6h5x,10.82
1416,5c2h,11.09
1417,4mc9,9.44
1418,2yfa,5.07
1419,2b9a,8.05
1420,2p4s,9.51
1421,1nje,3.8
1422,3o99,10.82
1423,3d6o,4.11
1424,4llk,3.0
1425,3ebl,6.3
1426,6qqz,6.74
1427,2wzs,3.85
1428,6f05,4.47
1429,2x4z,8.57
1430,4gny,4.22
1431,1drj,7.4
1432,6n3v,5.61
1433,3p5o,7.26
1434,4zek,5.66
1435,2afx,5.15
1436,1d4l,8.77
1437,5ogb,7.47
1438,1t5f,4.22
1439,1dzk,6.1
1440,4ara,6.05
1441,3su6,6.02
1442,6dgl,5.52
1443,4ucc,4.32
1444,4hf4,8.62
1445,1o0n,4.09
1446,5ew0,6.59
1447,4m0e,6.22
1448,4ovg,3.69
1449,4xo8,8.96
1450,3acl,6.22
1451,1yfz,4.35
1452,6ud2,10.21
1453,2y80,8.05
1454,1eoc,6.05
1455,1q65,5.46
1456,4msn,4.03
1457,2q63,7.18
1458,5fns,5.4
1459,6n7a,8.37
1460,3n8k,4.05
1461,7upj,8.49
1462,2oag,8.47
1463,1u0g,6.15
1464,1msm,10.48
1465,4w9k,6.54
1466,1y6q,11.7
1467,2ha2,4.66
1468,1pro,11.3
1469,6m8q,6.43
1470,3t60,6.7
1471,5jsg,4.85
1472,5h1v,4.0
1473,5ndf,5.85
1474,1hdq,5.82
1475,4myd,4.55
1476,1qy1,6.52
1477,2v59,7.74
1478,3ga5,5.49
1479,1c88,5.29
1480,4lbu,6.56
1481,2py4,6.7
1482,1b46,5.28
1483,5ime,8.34
1484,5hz8,6.4
1485,1j36,7.74
1486,3t08,3.04
1487,5lom,7.13
1488,1d7j,3.3
1489,2oax,8.65
1490,4dsu,2.82
1491,4pop,8.13
1492,4nbl,6.33
1493,1fhd,6.82
1494,4hdf,8.49
1495,5oss,4.55
1496,4hwp,7.76
1497,1d4y,11.1
1498,4x5q,9.0
1499,4oks,4.48
1500,3tfp,6.47
1501,1hpo,9.22
1502,4x24,9.78
1503,6md0,5.9
1504,1fjs,9.96
1505,2bpv,7.67
1506,1ogd,3.03
1507,3s43,8.6
1508,2e7f,6.1
1509,5hz6,7.8
1510,2ayr,9.29
1511,5voj,8.44
1512,3vfb,9.04
1513,4ngn,7.55
1514,4xoe,5.0
1515,2o4r,9.4
1516,1lah,7.52
1517,4zls,9.09
1518,4ipj,4.87
1519,6ibk,3.29
1520,6ftf,8.1
1521,5k9w,4.59
1522,2vvu,8.1
1523,6dyu,10.26
1524,6p3t,7.32
1525,4isi,8.14
1526,1mtr,8.4
1527,4f2w,11.3
1528,1b8o,10.64
1529,3p3g,9.74
1530,2ctc,3.89
1531,5kcb,6.0
1532,5dpx,4.46
1533,5wlo,10.82
1534,1e2k,4.94
1535,1h23,8.35
1536,2oi0,7.55
1537,1n3i,8.89
1538,1xt8,6.85
1539,1nc3,5.0
1540,1b8n,10.52
1541,3djo,4.39
1542,3i7e,10.85
1543,4cl6,5.39
1544,1vfn,5.6
1545,5c1w,5.06
1546,4ovh,4.85
1547,6d5e,6.85
1548,5xvg,8.05
1549,2y5g,6.84
1550,5wbm,4.7
1551,3cj5,6.34
1552,5dfp,7.66
1553,5w2s,7.33
1554,1l8g,6.22
1555,6fuh,3.77
1556,1bzj,4.66
1557,4y59,5.24
1558,5xpi,5.28
1559,2f7p,6.6
1560,3kyq,4.22
1561,5u14,5.34
1562,4m3p,5.4
1563,6i5g,4.89
1564,2j7d,7.13
1565,3k5x,6.41
1566,5oku,6.26
1567,2qi0,7.38
1568,5ftg,6.15
1569,5nw2,6.49
1570,2wed,6.1
1571,2j75,6.65
1572,5mxf,3.59
1573,1uml,7.52
1574,4hdb,8.05
1575,1xka,6.88
1576,2vwm,7.03
1577,2iko,5.45
1578,4djp,10.55
1579,2wos,3.9
1580,1rd4,7.74
1581,1jet,7.25
1582,5oh9,3.86
1583,4llp,4.8
1584,6ueg,4.71
1585,5dkn,3.69
1586,1zs0,6.15
1587,6j1l,6.42
1588,5fh8,6.77
1589,3bvb,5.49
1590,5lvr,3.6
1591,5el9,7.64
1592,5mrp,5.52
1593,3dx3,6.52
1594,5we9,7.22
1595,1h22,9.1
1596,3b1m,8.48
1597,2vqt,6.0
1598,1g2o,10.55
1599,2qta,5.76
1600,3qps,5.6
1601,4oma,4.17
1602,3zt3,2.86
1603,2wec,3.96
1604,3ikd,6.75
1605,1ele,6.85
1606,1swg,7.36
1607,2j7g,7.0
1608,6hmg,4.94
1609,3bxf,5.54
1610,4keq,3.82
1611,2zxd,5.22
1612,6qln,4.66
1613,4c5d,5.4
1614,3uuo,7.96
1615,5hrx,5.29
1616,5mgf,4.27
1617,5hrv,5.29
1618,6fhq,2.47
1619,3ekx,9.41
1620,2f7i,7.1
1621,4lm0,3.25
1622,1f8e,4.82
1623,6eq8,8.0
1624,3pcn,3.66
1625,4rlw,4.87
1626,1mfi,5.59
1627,6g2m,7.82
1628,6udu,9.3
1629,6d2o,5.3
1630,4qfn,4.12
1631,4pee,8.32
1632,3hf8,6.51
1633,3gqz,2.17
1634,6pg6,3.7
1635,3zv7,5.92
1636,1pfu,2.72
1637,6t1i,5.26
1638,5lvq,4.14
1639,1yc4,6.55
1640,1nc1,6.12
1641,3vdb,2.52
1642,3i51,7.7
1643,2vk2,6.89
1644,3rr4,4.55
1645,1ec9,3.1
1646,4tkj,6.04
1647,4auj,7.74
1648,4mrw,3.3
1649,1a1e,6.0
1650,2xbv,8.43
1651,6p86,4.7
1652,5qtt,8.47
1653,4ih3,4.82
1654,5yas,3.26
1655,2q88,5.8
1656,4jwk,8.32
1657,2qtg,5.08
1658,4q4o,7.46
1659,2z1w,4.08
1660,3t3c,10.23
1661,4r4i,6.27
1662,2ax9,9.52
1663,2h4k,5.49
1664,4arb,5.89
1665,4zbf,7.13
1666,2f7o,7.44
1667,1s19,9.51
1668,5h1u,3.51
1669,2vk6,5.3
1670,1v0k,5.1
1671,4e70,5.28
1672,6dai,4.07
1673,2hu6,3.81
1674,6eiz,6.22
1675,6dpz,3.59
1676,1w4p,4.74
1677,4a6s,5.2
1678,6fv4,2.92
1679,2cbu,5.68
1680,4rvr,6.87
1681,6qrc,4.89
1682,3su5,5.58
1683,6d5g,6.6
1684,6b4l,6.47
1685,1sw2,7.22
1686,3oy8,3.66
1687,2haw,4.92
1688,4ibk,4.3
1689,4qfl,5.11
1690,1ocq,5.19
1691,5jfp,9.32
1692,5egm,8.62
1693,1qy2,5.74
1694,2i4v,11.2
1695,1y3n,5.55
1696,4dff,7.46
1697,1e1x,5.89
1698,4ayq,7.33
1699,4ymb,6.21
1700,1d09,7.57
1701,2zx8,9.64
1702,5g4m,3.86
1703,3jrs,4.28
1704,1v7a,8.01
1705,1wht,3.7
1706,3ccw,7.87
1707,6dj7,8.72
1708,4w9l,5.02
1709,3o9d,10.72
1710,3ocz,7.46
1711,5g4n,4.0
1712,5j1x,5.52
1713,5ehw,3.0
1714,1nf8,7.82
1715,6j3p,6.98
1716,3a2o,9.08
1717,6pga,4.54
1718,5n6s,8.09
1719,4yml,8.35
1720,3pn1,6.96
1721,3t1a,8.37
1722,5oha,4.89
1723,5d21,8.38
1724,2qbs,6.68
1725,6md6,5.1
1726,6p83,7.1
1727,6fui,4.46
1728,4f1l,5.12
1729,1fcx,7.19
1730,4a4v,6.54
1731,5g2g,6.05
1732,3mxe,10.01
1733,5t8o,6.51
1734,2q55,8.69
1735,3zyu,7.0
1736,4ih6,4.74
1737,1k27,9.0
1738,2v77,5.06
1739,4u5o,2.42
1740,6dsp,6.09
1741,6ior,4.31
1742,2b07,6.43
1743,5xmx,7.24
1744,2h3e,5.7
1745,3ip6,6.6
1746,5ngz,2.89
1747,5cst,6.96
1748,1drk,6.82
1749,6g2s,8.4
1750,1ndy,6.17
1751,5etj,10.18
1752,4mo4,4.22
1753,3o9i,11.82
1754,1m0q,3.89
1755,4b74,7.66
1756,3nu3,9.82
1757,8cpa,9.15
1758,5aan,4.15
1759,5dqe,3.63
1760,4f9u,6.03
1761,1nli,3.59
1762,6udt,10.0
1763,5xva,7.29
1764,4ibe,4.15
1765,6fgg,4.77
1766,5wyz,7.68
1767,5zo8,8.2
1768,2x2r,7.12
1769,3zt2,2.84
1770,4wkb,11.57
1771,4b9k,6.17
1772,1a4r,6.66
1773,4k0o,3.0
1774,1kc7,5.52
1775,1h46,3.57
1776,5l8a,4.91
1777,5j6a,7.77
1778,4efs,8.6
1779,5wyx,6.66
1780,4r06,6.29
1781,4crc,8.72
1782,2cli,4.3
1783,5ev8,5.22
1784,5fnr,4.23
1785,6qr7,7.15
1786,1a4k,8.0
1787,3f5l,3.72
1788,3zll,6.4
1789,3s0d,7.05
1790,4nyf,7.31
1791,6md8,2.38
1792,4i54,6.96
1793,6pge,3.62
1794,4hwo,8.54
1795,6ma5,8.1
1796,4dmw,4.94
1797,6q3z,7.36
1798,3muz,3.46
1799,1z4o,4.52
1800,5ect,5.28
1801,2i6b,7.17
1802,6if0,6.51
1803,5l9i,7.0
1804,4q4s,6.95
1805,4u70,5.02
1806,4ibi,4.14
1807,2boj,5.77
1808,5f9b,4.26
1809,2vo5,4.89
1810,6ghh,6.71
1811,4kiu,3.85
1812,1v16,3.87
1813,6fmj,6.12
1814,5oh2,4.24
1815,6mnv,3.37
1816,1upf,4.6
1817,4nvp,7.57
1818,5uez,6.01
1819,3cz1,7.26
1820,3g34,2.96
1821,1adl,5.36
1822,4v24,8.37
1823,6g2l,7.17
1824,4ejl,5.14
1825,5bry,11.82
1826,6ssy,3.19
1827,6e6m,5.75
1828,6i11,4.53
1829,4u6z,5.41
1830,3gc5,7.26
1831,4r4o,5.82
1832,6i0z,4.04
1833,3hl5,4.47
1834,2r58,2.0
1835,2qi3,10.2
1836,2xib,7.26
1837,2azr,3.64
1838,4na9,7.39
1839,5z7b,4.89
1840,2on6,6.76
1841,4i7l,3.99
1842,6oqd,9.85
1843,1y1z,3.08
1844,1pb9,3.62
1845,1m0n,2.22
1846,2idw,8.89
1847,2nt7,6.52
1848,3rtf,7.35
1849,3rdo,9.85
1850,1uou,7.7
1851,4xmb,7.36
1852,2zn7,7.89
1853,3sk2,3.61
1854,4arw,7.13
1855,4mc2,8.19
1856,4g4p,6.89
1857,1igj,10.0
1858,6dh6,9.93
1859,6dys,4.25
1860,5exm,8.2
1861,2z94,5.85
1862,4g8v,5.8
1863,5tuz,7.4
1864,4br3,5.72
1865,6en5,7.94
1866,6qls,5.35
1867,4eo8,8.15
1868,1f57,5.64
1869,2gyi,7.0
1870,3ewj,6.84
1871,4og3,6.55
1872,2f6t,4.62
1873,6jad,4.32
1874,3gi6,11.22
1875,2clk,3.79
1876,4csd,5.91
1877,4q1w,11.7
1878,5dh4,7.24
1879,4n6g,5.47
1880,2qwf,5.67
1881,6t1n,5.46
1882,1ols,5.82
1883,3iog,5.52
1884,3kiv,4.7
1885,2i3h,7.4
1886,5z7j,6.6
1887,6j3o,5.62
1888,6dgr,4.91
1889,3brn,8.7
1890,2afw,4.77
1891,4c1y,3.6
1892,4nbn,4.36
1893,5oh3,3.87
1894,4q1y,10.35
1895,1rpj,6.48
1896,4gbd,11.32
1897,4jx9,8.62
1898,1fkh,8.15
1899,2qe4,7.96
1900,2qm9,7.77
1901,2e1w,7.96
1902,4mrz,3.52
1903,6dz3,8.89
1904,4g8y,4.59
1905,5wcm,4.0
1906,5hct,7.6
1907,6s4t,7.95
1908,3uug,4.51
1909,187l,3.37
1910,3gtc,2.35
1911,3p8z,6.09
1912,5mgj,4.29
1913,5n18,5.68
1914,6cpa,11.52
1915,6r1w,5.3
1916,4zji,6.47
1917,6dpx,5.89
1918,4app,7.19
1919,1jao,5.92
1920,6dd0,5.48
1921,4q4r,6.43
1922,3mam,4.12
1923,4heg,8.92
1924,3o7u,7.28
1925,2jkp,4.23
1926,1fv0,5.93
1927,6cwn,6.65
1928,1x1z,11.06
1929,2f94,6.71
1930,1lrh,6.82
1931,2vpn,6.72
1932,4c1u,7.09
1933,1fh7,5.24
1934,3exe,6.96
1935,6maj,7.47
1936,6d1a,4.35
1937,4wkp,9.55
1938,1d2e,6.0
1939,1gyy,3.64
1940,3nu9,9.05
1941,6poi,3.49
1942,4pum,6.73
1943,5b5g,5.25
1944,4ayu,4.73
1945,6qge,5.68
1946,2nnd,6.06
1947,2ylc,7.89
1948,5oxk,2.17
1949,6nu5,5.15
1950,6guk,6.15
1951,4e1k,6.3
1952,4kmz,8.57
1953,2e92,6.89
1954,4mc1,7.85
1955,4nbk,3.87
1956,2j4g,6.6
1957,6hgj,4.38
1958,2vsl,8.4
1959,6quv,3.0
1960,6n0j,5.37
1961,5uk8,6.4
1962,1koj,6.7
1963,1ai4,2.5
1964,4ibb,3.57
1965,1v0l,7.55
1966,2hb3,11.35
1967,4lm2,3.03
1968,1ydk,5.89
1969,4ibj,4.33
1970,6i18,4.07
1971,5fe6,2.16
1972,4up5,2.6
1973,3w07,3.38
1974,184l,4.72
1975,3gnw,9.1
1976,4mc6,9.59
1977,4rdn,5.92
1978,5ne5,7.41
1979,3u10,5.44
1980,3kek,8.36
1981,6c0s,7.05
1982,1f3e,6.7
1983,2a5b,3.93
1984,2gss,4.94
1985,2jew,6.69
1986,6qqw,4.72
1987,5ota,5.74
1988,5i2e,6.64
1989,3ts4,8.72
1990,6pvz,3.47
1991,4dsy,4.43
1992,2w08,3.42
1993,1f4f,4.62
1994,1df8,9.7
1995,5kby,8.82
1996,3b4p,5.4
1997,4cga,6.4
1998,6qlu,4.64
1999,2g5u,8.49
2000,6qlo,5.06
2001,5ja0,5.22
2002,6mdu,4.25
2003,6hni,4.03
2004,5g45,3.3
2005,4rlt,4.96
2006,3t0d,2.37
2007,6dh1,10.58
2008,1qk3,5.15
2009,3hfb,7.52
2010,1f8c,7.4
2011,2vmf,5.85
2012,3fj7,3.71
2013,3ccz,7.29
2014,5n9r,5.59
2015,6i17,6.6
2016,3ge7,8.7
2017,1fki,7.0
2018,5drr,11.46
2019,2r3w,6.89
2020,3lgs,4.61
2021,1dud,4.82
2022,3nuj,9.39
2023,6jao,4.86
2024,3ctt,6.35
2025,4i8z,11.05
2026,3le9,8.22
2027,4x5y,8.03
2028,1swr,6.92
2029,3w9r,6.18
2030,6qmk,7.46
2031,6fnr,5.59
2032,6d18,5.85
2033,2pqc,5.74
2034,1wm1,6.3
2035,4msa,3.3
2036,2dw7,4.7
2037,5om3,4.1
2038,6hly,7.33
2039,3u5j,5.61
2040,5mwh,5.74
2041,3djk,10.59
2042,1ssq,6.0
2043,5f1v,6.85
2044,2d3z,6.64
2045,6p9e,7.17
2046,6jam,5.23
2047,3d4y,5.7
2048,4w52,3.76
2049,6qz5,6.08
2050,4ks4,7.14
2051,6ftz,3.0
2052,1zvx,9.22
2053,6guh,7.59
2054,1mq5,9.0
2055,4ibg,3.97
2056,5ldm,3.86
2057,3i4y,7.05
2058,10gs,6.4
2059,4ewn,6.7
2060,3lzu,10.06
2061,5dgw,11.05
2062,4j44,5.73
2063,6nw3,7.66
2064,3gt9,3.96
2065,4w9d,4.99
2066,3dx4,7.12
2067,5c2a,8.32
2068,2psv,7.24
2069,5cqt,6.91
2070,2wvz,4.02
2071,4ad3,4.62
2072,1hyo,4.07
2073,4ahu,2.27
2074,5d48,7.52
2075,4oiv,5.08
2076,5afv,5.59
2077,3ip8,2.28
2078,5c1m,10.8
2079,2f80,8.18
2080,3h5b,10.0
2081,2p4y,9.0
2082,6mh7,5.74
2083,3kqr,4.43
2084,6dh2,10.89
2085,6n0k,5.07
2086,6ckw,9.08
2087,2nsl,4.68
2088,5exl,8.43
2089,1dy4,4.36
2090,2uyq,5.68
2091,6qlp,5.28
2092,2w47,4.98
2093,3dp9,9.68
2094,4ty6,7.52
2095,3d6p,3.75
2096,4djr,11.52
2097,6qr0,6.92
2098,2nta,4.8
2099,6g2c,4.66
2100,1enu,5.08
2101,2qd7,9.1
2102,6pg8,3.85
2103,6p84,4.81
2104,2pu2,4.43
2105,3p7i,7.7
2106,5i1q,7.92
2107,4w9h,6.73
2108,5jgq,4.62
2109,6prf,8.6
2110,2q8h,3.0
2111,5wbo,4.21
2112,3v2p,6.36
2113,5n1z,8.19
2114,3f7g,7.37
2115,2qd6,8.68
2116,5uv2,4.4
2117,6qr4,6.23
2118,1hi4,4.49
2119,3djp,4.2
2120,3cj2,4.85
2121,4de0,5.89
2122,1ugx,5.91
2123,3tvc,7.74
2124,6epz,7.14
2125,3vd9,4.0
2126,5m5d,3.95
2127,4mhz,6.87
2128,4ufj,4.28
2129,2fzg,3.38
2130,5fnt,6.17
2131,3f8f,6.63
2132,6dj5,8.14
2133,1hmr,6.55
2134,1ai7,4.09
2135,3ejr,8.57
2136,5ji8,4.63
2137,6r11,4.92
2138,1ew9,3.22
2139,8a3h,4.06
2140,3iof,5.22
2141,4f3c,11.82
2142,6i14,5.82
2143,4k7n,3.48
2144,2fxv,5.35
2145,6e4a,7.36
2146,6dgq,5.51
2147,2xg9,4.15
2148,4en4,5.52
2149,3ekt,10.59
2150,2rfh,6.82
2151,3uzj,5.55
2152,4a4w,7.72
2153,1od8,5.1
2154,2qw1,3.9
2155,1lf2,7.52
2156,4cj4,3.36
2157,5fh7,6.86
2158,4np2,2.26
2159,4ngm,10.35
2160,4av5,7.21
2161,4uma,5.41
2162,4lkq,3.35
2163,1li3,4.25
2164,5z5f,2.17
2165,2wzf,7.0
2166,2ra6,4.52
2167,4lrr,5.22
2168,6rih,3.98
2169,5v7a,6.38
2170,5ewa,4.82
2171,1o86,9.57
2172,4p3h,6.0
2173,2vba,4.6
2174,3eqr,8.7
2175,6pg4,3.59
2176,5cc2,4.1
2177,5jsj,5.4
2178,3cyz,7.22
2179,5yj8,3.98
2180,5jg1,8.72
2181,1kuk,3.91
2182,1z1h,8.4
2183,2cer,9.22
2184,6stl,8.8
2185,1ohr,8.7
2186,4dv8,9.24
2187,4pcs,7.85
2188,4ahs,2.19
2189,2ymd,3.16
2190,1gpk,5.37
2191,1m48,5.09
2192,4kow,4.31
2193,1olu,4.41
2194,4exs,4.41
2195,4ish,8.72
2196,6q3y,7.27
2197,3uz5,7.22
2198,6r1b,5.44
2199,6qr3,6.44
2200,3gv9,2.12
2201,6iiu,7.96
2202,6g9i,3.93
2203,4pin,5.4
2204,3t70,6.3
2205,5ahw,5.17
2206,1p19,4.11
2207,2qd8,9.07
2208,6jav,5.76
2209,3ejp,8.55
2210,3f1a,7.21
2211,5l2s,7.08
2212,1rjk,10.0
2213,4mre,2.19
2214,3o9a,10.7
2215,2qtt,4.32
2216,2qi4,10.44
2217,3bxe,5.48
2218,3f7h,7.09
2219,3d1z,8.8
2220,5gsa,7.09
2221,5qal,3.46
2222,4u54,2.06
2223,1sr7,10.1
2224,2vwn,8.0
2225,6eyt,5.72
2226,3qt6,5.37
2227,5kat,4.1
2228,1f8b,5.4
2229,2y7x,8.89
2230,5g4o,4.43
2231,5ulp,4.61
2232,3pcf,6.05
2233,2ydt,5.52
2234,4zo5,9.82
2235,1x8t,7.8
2236,3qqa,5.82
2237,1y6r,10.11
2238,3uw4,7.77
2239,2hzy,7.39
2240,3hl8,4.49
2241,3n76,6.85
2242,1jaq,4.48
2243,4mmm,3.82
2244,6qr2,5.49
2245,5lz5,6.35
2246,5gja,5.55
2247,4rlu,4.82
2248,3k4d,5.11
2249,6gw4,5.92
2250,6qmj,7.36
2251,4w9f,5.49
2252,4lyw,6.63
2253,5wa9,6.76
2254,6n7d,9.52
2255,4kfq,8.23
2256,6cks,7.82
2257,1cps,6.66
2258,6aox,4.82
2259,4lxd,7.23
2260,3ppr,2.82
2261,4b76,4.54
2262,3d78,7.64
2263,4kz7,2.49
2264,6st0,5.13
2265,3cke,6.1
2266,4pox,5.43
2267,5oh7,4.37
2268,6gj8,5.87
2269,1ela,6.36
2270,6pgb,4.6
2271,5f1r,6.0
2272,1fcz,9.22
2273,5a6x,6.69
2274,1gyx,2.48
2275,4x6p,8.3
2276,4de3,5.52
2277,3d6q,3.76
2278,3f3a,4.19
2279,3dxg,2.4
